{"camera_matrix": [[814.183955460782, 0.0, 687.576887970277], [0.0, 783.3228810454083, 600.9911160856717], [0.0, 0.0, 1.0]], "fx": 814.183955460782, "fy": 783.3228810454083, "cx": 687.576887970277, "cy": 600.9911160856717, "distortion": [[-0.10892612562370071, 0.014731033107379722, -0.004434530390102297, -0.0029042128739589453, -0.0017411975377909141]], "rotation_vecs": [[[0.22399517883486053], [0.028419916725077966], [-0.023594732815429294]]], "translation_vecs": [[[-0.2052349240879531], [-0.9710027300788882], [1.3582379411584353]]]}