{"camera_matrix": [[2769.7055742232583, 0.0, 2570.1539998273156], [0.0, 2786.082327683568, 1495.76456781782], [0.0, 0.0, 1.0]], "fx": 2769.7055742232583, "fy": 2786.082327683568, "cx": 2570.1539998273156, "cy": 1495.76456781782, "distortion": [[-0.28076660119350194, 0.03382218440186167, 0.00012736560982746833, 0.00668251388487117, 0.086700430326308]], "rotation_vecs": [[[-0.18023899965179366], [0.3393125261002211], [0.06652311901347313]], [[0.26504211692061436], [0.2605205103548756], [-0.012478698586471933]]], "translation_vecs": [[[-0.07244643754411466], [-0.06166051959052337], [0.9363752010766502]], [[-0.09772828446097297], [-0.37845686220986724], [0.8550321901207453]]]}