{"camera_matrix": [[763.892580800655, 0.0, 670.4308359195684], [0.0, 762.3943769571001, 360.24795675784594], [0.0, 0.0, 1.0]], "fx": 763.892580800655, "fy": 762.3943769571001, "cx": 670.4308359195684, "cy": 360.24795675784594, "distortion": [[-0.36603957102176343, 0.19166062625690938, -0.0002553278110891209, -0.001683611648890974, -0.05496875390988515]], "rotation_vecs": [[[0.2722516521606902], [-0.1428387675312821], [3.0947866951938923]], [[0.21517505013171595], [-0.10466902926637398], [3.0983570277525776]], [[0.10928148512633414], [-0.1439694775004664], [3.104935130196093]], [[-0.05723594617785485], [-0.07040506097626853], [3.120546601149663]], [[-0.345071299694814], [-0.02252488672607392], [3.057422912141934]], [[-0.45795250281595684], [-0.21417057073495027], [3.032924759840633]], [[-0.5817422108727653], [-0.35865984143108187], [3.054181700786067]], [[0.5974798106353132], [0.38339387379640333], [-3.0444728810186468]], [[0.40638211193913526], [0.29296687127709764], [-3.0713061600103178]], [[0.32475991040082486], [0.2580926206038685], [-3.062791847825001]], [[0.2442084695362937], [0.2504650330319906], [-3.043911550514093]], [[0.13638743854282756], [0.21176674500858927], [-3.0241131295208565]], [[0.3816432868617344], [0.38174414668905826], [-3.0045785210792157]], [[-0.13981760668962265], [0.2666691488743218], [-3.0502527022430463]], [[-0.2556678783551853], [0.3653351503020465], [-3.0062344709922595]], [[-0.273487912634158], [0.2927850587676302], [-2.9804449454783906]], [[0.3961690454742379], [-0.22479802124976542], [3.0566517610405883]], [[-0.3816662523745686], [0.3184738697689938], [-3.083228196254449]], [[-0.5998987999371361], [0.1880729838270532], [-2.9443914288077826]], [[-0.24081320907822165], [0.32090615405588596], [-3.017089610793417]], [[-0.18296489510935968], [0.28675444631087793], [-3.0805488787790627]], [[-0.012389981427433801], [0.3590835813997215], [-3.108946024604302]], [[-0.20405392498140626], [0.5481817371591299], [-1.5217753497205586]], [[-0.1846557166966675], [0.4947194328459182], [-1.5362383040567296]], [[0.29587263644997414], [0.13274150794823467], [-1.7322955962451152]], [[0.3232690507879608], [0.09543260705935445], [-1.700745547077294]], [[0.3749516966121197], [0.023181627930303223], [-1.7034913700116647]], [[0.46983715944180504], [-0.052275122164698484], [-1.7081682320906637]], [[0.7988886317076506], [-0.09633287710740186], [-1.6397813849036502]], [[0.5184046517735174], [-0.20141033098794792], [-1.5090583462164]], [[0.521235110433092], [-0.17339500489471335], [-1.5581500538115676]], [[0.508403806272871], [-0.1033398659352919], [-1.5807823444258908]], [[0.3251217277559286], [-0.09500155044120384], [-1.5508537419534043]], [[0.3458481092655347], [-0.08265799238161442], [-1.6071877158420873]], [[0.3102181859311789], [-0.03852649118241683], [-1.6242295863087912]], [[0.36018365917718426], [-0.045324376773693824], [-1.6395597928373327]], [[0.034368953444215464], [0.191425650625505], [-2.4320456050858144]], [[-0.14426123455099193], [0.1780152008759558], [-2.621267155844826]], [[-0.24828241629557324], [0.27205017657846287], [-2.782823154688989]], [[-0.45434697772815114], [0.32629721728733435], [-2.9438647489634513]], [[-0.5430942800369677], [0.31600883424994225], [-3.0734485220481984]], [[0.5499510809468481], [-0.261627347613748], [2.941689334815038]], [[-0.46925870138935805], [0.4349425934069805], [-2.9758430901549473]], [[-0.36608531560672214], [0.5240061214020051], [-2.953911450582007]], [[-0.11741456878933405], [-0.01195020150955262], [3.103838515588381]], [[-0.018153998719542], [-0.01391721417189425], [-3.0946670740956486]], [[0.20824950385915444], [0.1848553203052242], [-3.0734077467539462]], [[0.34488348880591796], [0.18354017004891326], [-3.0772440835522588]], [[0.545405162623991], [-0.26255081412668146], [-3.074849941171349]], [[0.5492001255389933], [-0.17897211707827737], [-3.067640380647302]], [[0.8065980979344239], [-0.123676090526355], [-2.971903152149609]], [[0.26546110029004044], [0.11013041974000264], [-3.058795588270937]], [[0.13041809736067358], [0.16669147176712293], [-3.024297983871954]]], "translation_vecs": [[[0.20481536171922676], [0.05127770058373142], [0.2469526965097212]], [[0.17535195423373875], [0.048861188920223585], [0.25847012322072693]], [[0.15462336521255715], [0.05077901947180497], [0.2750128514616768]], [[0.11550745915158207], [0.04740776963301697], [0.28868013056409375]], [[0.07254885005986414], [0.04540963257173544], [0.30764709091450965]], [[0.02612781208179043], [0.0458946585532767], [0.3103930429673017]], [[-0.0011344669393466564], [0.03134254669750212], [0.28159337998361045]], [[-0.014607529146790402], [0.039244413395888376], [0.2587606998643774]], [[0.0014139966980159001], [0.07691329329840962], [0.2678002535903931]], [[-0.0028377758526756214], [0.09869396561960068], [0.27058938272682004]], [[0.024802591035953895], [0.08353765571299573], [0.27756317816050174]], [[0.04647010939144542], [0.07971414725993402], [0.27791056109271195]], [[0.06634873846859025], [0.0755262354461498], [0.2909038565294202]], [[0.1373175162865772], [0.04686911967674575], [0.3534869777241367]], [[0.16787620596249705], [0.058324696134946175], [0.34918596679972375]], [[0.1624611020989946], [0.12097474806239365], [0.3096207114321964]], [[0.15294658536920247], [0.1072739724394587], [0.31384818447335633]], [[0.20335280017021282], [0.09668008014405977], [0.2913417599969755]], [[0.19971674448471083], [0.09438042700658729], [0.28968036943624464]], [[0.16840223236232393], [0.07895497551814622], [0.3180337855700973]], [[0.1331893895825007], [0.0690010110117325], [0.3226742790291757]], [[0.08673374293991751], [0.012571963651895956], [0.3299331073204599]], [[0.12720286070612652], [0.05601828742052499], [0.4180076082107338]], [[0.10629182480913146], [0.05193474193463543], [0.41534514009758894]], [[0.022287943105428726], [0.07126062005811244], [0.398769573253915]], [[-0.029066777087792976], [0.09612916639865159], [0.3455230832300188]], [[-0.08986466551102808], [0.09614851073311459], [0.31543980673613087]], [[-0.1264859663862507], [0.0871578593139149], [0.34246184141414704]], [[-0.1869309909047575], [0.09274532146791767], [0.2960881937240165]], [[-0.22589779408171684], [0.09390945618017686], [0.25782077660466934]], [[-0.18206219777406693], [0.10112338615086951], [0.27085711571796567]], [[-0.1388447138361475], [0.10006432133516617], [0.2782222365168359]], [[-0.08124484504860383], [0.08563207832874127], [0.283043329530738]], [[-0.03964397261921127], [0.0865104863172379], [0.3029859183711955]], [[-0.005625821127380182], [0.08245581453232045], [0.3164727561892918]], [[-0.0022635633423375013], [0.08360041248680393], [0.32447815377115985]], [[0.036471687726068076], [0.09711338327094554], [0.35310209386489966]], [[0.032214175726894126], [0.08964471595898388], [0.3478715794222723]], [[0.052690586729908506], [0.07886603249664714], [0.3322181852051571]], [[0.07054954888192193], [0.06877561998207304], [0.3243455883310367]], [[0.08286188744904424], [0.05596896050351391], [0.3232505901343537]], [[0.11377319578991231], [0.02684935756883797], [0.333229288630192]], [[0.17859773525408507], [0.03711669859130035], [0.31861765405309944]], [[0.22135805532309427], [0.02974401188857321], [0.3416731962059139]], [[0.21069467878759904], [0.12168694440833228], [0.34618298853245716]], [[0.15440005369277832], [0.120239665766849], [0.35684859432251015]], [[0.11363700726199555], [0.12903283666631596], [0.3785502406792522]], [[0.06917362299280681], [0.12859621697181062], [0.3788199712535737]], [[0.015282930516988742], [0.11842142665292812], [0.39606183739390344]], [[-0.007029779096877528], [0.12753233016079615], [0.3809479715974313]], [[-0.08001568287472112], [0.11447990367105329], [0.34504276650772314]], [[0.07688937410053208], [0.05518041442044687], [0.3713863739075669]], [[0.11713089059773234], [0.05603455977527534], [0.36090381750572353]]]}