{"camera_matrix": [[2584.525219806343, 0.0, 470.5653076897332], [0.0, 2519.287123064834, 336.50257085659314], [0.0, 0.0, 1.0]], "fx": 2584.525219806343, "fy": 2519.287123064834, "cx": 470.5653076897332, "cy": 336.50257085659314, "distortion": [[-0.2390944222353411, 15.62307589840945, -0.0004970935779780129, -0.005033066178903616, -351.71214994866534]], "rotation_vecs": [[[-0.2363692209733099], [-0.09203156765505362], [0.0056200732468975325]]], "translation_vecs": [[[-0.2545396334705965], [-0.16316224057292178], [1.8372236138150928]]]}