{"left_camera_matrix": [[2082.979083659248, 0.0, 2663.8718791393662], [0.0, 2028.15939283112, 1584.6529246140058], [0.0, 0.0, 1.0]], "left_distortion": [[-0.15444611120326207, 0.043282736887945206, -0.0011671281257946836, -0.0017237898449594176, -0.007982043471853769]], "right_camera_matrix": [[3784.053003955227, 0.0, 2243.606111683543], [0.0, 3851.546193053779, 1760.7557421101249], [0.0, 0.0, 1.0]], "right_distortion": [[-0.49130565466156995, -0.2360984217393241, -0.03361649248566882, 0.05110032303667378, 0.6819183337145419]], "rotation_matrix": [[0.9345047621170456, 0.01903499617369909, 0.3554413010628215], [0.034720606418608725, 0.9889325764811213, -0.14424575787292737], [-0.3542531990970415, 0.1471394851665534, 0.9235012955239605]], "translation_vector": [[-0.4975416531251561], [0.0687979874111395], [0.7839712466832408]], "essential_matrix": [[-0.051591864231428974, -0.765171804421404, 0.17661955713203625], [0.5563691410847086, 0.08813091237065696, 0.7381361211551479], [-0.08156699477480091, -0.4933447183588662, 0.047314626672468246]], "fundamental_matrix": [[-1.1266615540461573e-07, -1.7161452319587522e-06, 0.0038230303981680773], [1.1937060302711708e-06, 1.941983098640021e-07, -0.0001888188563257827], [-0.002523083566315554, -0.0006785800534718553, 1.0]], "rectification_matrix_left": [[0.7950964747252842, -0.1867947092405726, -0.5770002881101146], [0.1540156703339653, 0.9823875122637257, -0.10580146048078651], [0.586601030659685, -0.004744717907110604, 0.8098621601735552]], "rectification_matrix_right": [[0.5343760722781098, -0.07389129746722056, -0.8420108606990951], [0.1250219111371319, 0.9921239429289228, -0.007720336960680217], [0.8359496008206712, -0.10114424366111044, 0.5394053270611836]], "projection_matrix_left": [[2939.8527929424495, 0.0, 15701.336326599121, 0.0], [0.0, 2939.8527929424495, 3462.011848449707, 0.0], [0.0, 0.0, 1.0, 0.0]], "projection_matrix_right": [[2939.8527929424495, 0.0, 15701.336326599121, -2737.2094194066917], [0.0, 2939.8527929424495, 3462.011848449707, 0.0], [0.0, 0.0, 1.0, 0.0]], "disparity-to-depth_mapping": [[1.0, 0.0, 0.0, -15701.336326599121], [0.0, 1.0, 0.0, -3462.011848449707], [0.0, 0.0, 0.0, 2939.8527929424495], [0.0, 0.0, 1.074032835083434, -0.0]], "valid_pixel_ROI_left": [0, 0, 0, 0], "valid_pixel_ROI_right": [0, 0, 0, 0]}