{"camera_matrix": [[1159.5757410446674, 0.0, 835.0029353655722], [0.0, 1153.2010074418522, 543.952531125636], [0.0, 0.0, 1.0]], "fx": 1159.5757410446674, "fy": 1153.2010074418522, "cx": 835.0029353655722, "cy": 543.952531125636, "distortion": [[-0.2718238226949706, 0.4808983412265477, 0.01737875320434797, -0.007906061512143576, -0.8454975752816969]], "rotation_vecs": [[[0.0201330921612953], [0.02962528384428183], [-1.5825512469539553]]], "translation_vecs": [[[-0.77735547909897], [0.7377451506231668], [2.085501282754951]]]}