{"camera_matrix": [[1188.7938788588633, 0.0, 706.3547904364502], [0.0, 1189.8945694599083, 591.9828020099075], [0.0, 0.0, 1.0]], "fx": 1188.7938788588633, "fy": 1189.8945694599083, "cx": 706.3547904364502, "cy": 591.9828020099075, "distortion": [[-0.24558574278144948, 0.14216560858579755, 0.0022321772682748456, -0.0009391146194885804, -0.055493702076520844]], "rotation_vecs": [[[-0.01894679415064067], [0.011776949385611689], [-1.5873364411562858]], [[-0.004699187618742613], [0.027284914965200326], [-1.5934181874660285]], [[0.00540851764959964], [0.03808996502082269], [0.03762972273323257]], [[-0.00035899655388890316], [0.04246646942935146], [0.002926859407736584]], [[-0.015001973888799208], [0.04274830483211731], [-0.016803577342257483]], [[-0.024206053689902682], [0.04303814951127844], [0.024811407113500585]], [[-0.0285151250704439], [0.049611830462973724], [0.03287738976373342]], [[-0.0048503662263610706], [0.0330004113945797], [0.008416044742668598]], [[0.006556299742573712], [0.028520934135825755], [-0.03957244389960785]], [[0.02392092316352172], [0.025472945731928924], [0.009826190242389472]], [[0.01261637534186667], [0.027268165277217715], [-0.003890126640703705]], [[-0.6401327219861322], [0.011889145745687611], [0.043226023617777345]], [[-0.6043148258873147], [-0.11984472799733832], [0.5003681781154788]], [[-0.6423135091902614], [0.042002351874735125], [-0.043336720190988706]], [[0.002089882494727538], [0.39254565973234873], [-0.05709946276110595]], [[0.0003478960086581536], [0.4663160951670661], [0.0014544084303211796]], [[-0.010513846953852782], [0.27034628247522796], [-0.004476038472771446]], [[-0.011239715891638776], [-0.25745398672240105], [0.07463968655573397]], [[-0.049223973575845625], [-0.26183417782726065], [-0.07479667434246305]], [[0.3502016164452113], [0.029876210618128094], [-0.023655301802400573]], [[0.33252709968714494], [0.018460525459223758], [-0.02588741844549794]]], "translation_vecs": [[[-0.5453620413780531], [0.6549411208568728], [2.1475301172854935]], [[-0.0863845618229294], [0.7870483483466455], [2.1399584198461055]], [[-1.3276100174020717], [0.3049217386852341], [2.1714990597771]], [[-1.2791008880501291], [-0.492160118246174], [2.172998497934682]], [[-1.3169474984591707], [-0.6543990177103199], [2.1741889666041327]], [[-0.8671209123733239], [-0.6639827696923778], [2.1614410418719294]], [[-0.15667258911844095], [-0.8546680382269913], [2.1509906273669874]], [[-0.039214904123302634], [-0.480778857447756], [2.142235575734112]], [[-0.6582952324617578], [-0.24214343551055995], [2.1514842298769743]], [[0.07972305064513246], [0.3128354558679589], [2.134361090330657]], [[-0.578983547597626], [0.3676759173364779], [2.145847972662329]], [[-0.5901952829644546], [-0.14271243419425314], [2.125025499161531]], [[-0.8260664149545368], [-0.5400728257260002], [2.1216780315036847]], [[-0.2275291017318458], [-0.5803765906323337], [2.114312898316074]], [[-0.6001900960951585], [-0.5259340092179173], [2.146805865757918]], [[-1.1179208417395987], [-0.21605677955909092], [2.1435710218390702]], [[-0.6803299152084904], [-0.2708759003141225], [2.1406303467698042]], [[-0.6430313035300945], [-0.26750475840983556], [1.9438107949671828]], [[-0.7148594013522808], [0.1943904071040961], [1.9444852458961108]], [[-0.7377570915354719], [0.317025509377387], [1.9748357854577159]], [[-0.24003468129146055], [-0.9213744515794456], [1.9703076847294636]]]}